mean_auc,std_auc,folds
0.5185961749105281,0.07653619599854496,5
